use samplemovie;

ALTER TABLE visitas ADD CONSTRAINT movies_id FOREIGN KEY (movie_id) REFERENCES movies(id);

ALTER TABLE visitas ADD CONSTRAINT users_id FOREIGN KEY (user_id) REFERENCES users(id);

INSERT INTO `movies` (`id`, `titulo`, `director`, `reparto`, `plan`, `calificacion`, `created_at`, `updated_at`) VALUES ('1', 'El padrino', 'Francis Ford Coppola', 'M. Brando, Al Pacino', 'premium', '5', '2019-01-09 00:00:00', '2019-01-09 00:00:00'),
('2', 'Cadena Perpetua', 'F. Darabont', 'T. Robbins, M. Freeman', 'basico', '5', '2019-01-09 00:00:00', '2019-01-09 00:00:00'),
('3', 'La lista de Schindler', 'S. Spielberg', 'L. Neeson, R. Fiennes', 'premium', '5', '2019-01-09 00:00:00', '2019-01-09 00:00:00'),
('4', 'Toro Salvaje', 'M. Scorsese', 'R. De Niro, C. Moriarty', 'estandar', '4', '2019-01-09 00:00:00', '2019-01-09 00:00:00'),
('5', 'Casablanca', 'M. Curtiz', 'H. Bogart, I. Bergman', 'basico', '4', '2019-01-09 00:00:00', '2019-01-09 00:00:00'),
('6', 'Ciudadano Kane', 'O. Welles', 'O. Welles, J. Cotten', 'estandar', '4', '2019-01-09 00:00:00', '2019-01-09 00:00:00'),
('7', 'Lo que el viento se llevo', 'Victor Fleming, George Cukor, Sam Wood ', 'Clark Gable, Vivien Leigh, Thomas Mitchell, Barbara O\'Neil', 'basico', '4', '2019-01-09 00:00:00', '2019-01-09 00:00:00'),
('8', ' El mago de Oz ', ' Victor Fleming, George Cukor, Mervyn LeRoy, Norman Taurog, King Vidor', 'Judy Garland, Frank Morgan, Ray Bolger, Bert Lahr', 'estandar', '4', '2019-01-09 00:00:00', '2019-01-09 00:00:00'),
('9', 'Alguien voló sobre el nido del cuco ', ' Milos Forman ', 'Jack Nicholson, Louise Fletcher, Will Sampson, Michael Berryman', 'premium', '4', '2019-01-09 00:00:00', '2019-01-09 00:00:00'),
('10', ' Lawrence de Arabia ', 'David Lean', 'Peter O\'Toole, Alec Guinness, Anthony Quinn, Jack Hawkins', 'basico', '4', '2019-01-09 00:00:00', '2019-01-09 00:00:00');

INSERT INTO `users` (`id`, `nombre`, `fnacimiento`, `plan`, `ciudad`, `pais`, `email`, `email_verified_at`, `password`, `remember_token`, `created_at`, `updated_at`) VALUES
('2', ' Senaida Burell ', '1986-06-12', 'basico', 'Tulsa ', 'USA', 'isaacson@comcast.net', '2019-01-08 00:00:00', '12345', 'candidate', '2019-01-08 00:00:00', '2019-01-08 00:00:00'),
('3', ' Taneka Lindenberg ', '1989-02-21', 'premium', 'Jacksonville ', 'USA', 'leslie@aol.com', '2019-01-08 00:00:00', '12345', 'technology', '2019-01-08 00:00:00', '2019-01-08 00:00:00'),
('4', ' Zonia Pugh ', ' 1992-06-08', 'estandar', 'Jacksonville ', 'USA', 'aukjan@live.com', '2019-01-08 00:00:00', '12345', 'tea', '2019-01-08 00:00:00', '2019-01-08 00:00:00'),
('5', ' Tiffaney Swank ', '1997-05-24', 'basico', 'Oklahoma City ', 'USA', 'tmccarth@optonline.net', '2019-01-08 00:00:00', '12345', 'weakness', '2019-01-08 00:00:00', '2019-01-08 00:00:00'),
('6', ' Paul Weisel ', '1998-12-27', 'estandar', 'Denver ', 'USA', 'willg@mac.com', '2019-01-08 00:00:00', '12345', 'month', '2019-01-08 00:00:00', '2019-01-08 00:00:00'),
('7', 'Beverlee Fryman ', '1982-10-02', 'estandar', 'Arlington ', 'USA', 'kourai@yahoo.com', '2019-01-08 00:00:00', '12345', 'grocery', '2019-01-08 00:00:00', '2019-01-08 00:00:00'),
('8', 'Toney Kimbro ', ' 1983-11-08', 'basico', 'San Antonio ', 'USA', 'doche@sbcglobal.net', '2019-01-08 00:00:00', '12345', 'system', '2019-01-08 00:00:00', '2019-01-08 00:00:00'),
('9', ' Ivy Heiss ', ' 1995-09-27', 'premium', 'Chesapeake ', 'USA', 'maradine@icloud.com', '2019-01-08 00:00:00', '12345', 'tension', '2019-01-08 00:00:00', '2019-01-08 00:00:00'),
('10', ' Frances Dunneback ', ' 1996-11-09', 'basico', 'Scottsdale ', 'USA', 'rkobes@sbcglobal.net', '2019-01-08 00:00:00', '12345', 'power', '2019-01-08 00:00:00', '2019-01-08 00:00:00'),
('11', ' Joetta Nevels ', ' 1996-12-29', 'premium', 'Buffalo ', 'USA', 'glenz@optonline.net', NULL, '12345', 'indication', '2019-01-08 00:00:00', '2019-01-08 00:00:00'),
('12', ' Dwayne Amos ', '1984-02-20', 'premium', 'Huntington ', 'USA', 'mxiao@me.com', '2019-01-08 00:00:00', '12345', 'winner', '2019-01-08 00:00:00', '2019-01-08 00:00:00'),
('13', ' Colton Blatter ', ' 1985-02-09', 'estandar', 'Virginia Beach ', 'USA', 'jginspace@msn.com', '2019-01-08 00:00:00', '12345', 'requirement', '2019-01-08 00:00:00', '2019-01-08 00:00:00'),
('14', ' Dee Galvin ', ' 1985-02-28', 'estandar', 'Charlotte ', 'USA', 'parkes@optonline.net', '2019-01-08 00:00:00', '12345', 'effort', '2019-01-08 00:00:00', '2019-01-08 00:00:00'),
('15', ' Modesto Casares ', ' 1990-09-05', 'premium', 'Las Vegas ', 'USA', 'pavel@mac.com', '2019-01-08 00:00:00', '12345', 'politics', '2019-01-08 00:00:00', '2019-01-08 00:00:00'),
('16', ' Darwin Colpitts ', ' 1998-08-04', 'basico', 'Washington ', 'USA', 'hoyer@live.com', '2019-01-08 00:00:00', '12345', 'dealer', '2019-01-08 00:00:00', '2019-01-08 00:00:00');


INSERT INTO `visitas` (`user_id`, `movie_id`, `created_at`, `updated_at`) VALUES ('1', '4', '2019-01-10 00:00:00', '2019-01-10 00:00:00'),
('2', '4', '2019-01-10 00:00:00', '2019-01-10 00:00:00'),
('3', '4', '2019-01-10 00:00:00', '2019-01-10 00:00:00'),
('4', '4', '2019-01-10 00:00:00', '2019-01-10 00:00:00'),
('5', '4', '2019-01-10 00:00:00', '2019-01-10 00:00:00'),
('6', '4', '2019-01-10 00:00:00', '2019-01-10 00:00:00'),
('7', '4', '2019-01-10 00:00:00', '2019-01-10 00:00:00'),
('8', '4', '2019-01-10 00:00:00', '2019-01-10 00:00:00'),
('9', '4', '2019-01-10 00:00:00', '2019-01-10 00:00:00'),
('10', '4', '2019-01-10 00:00:00', '2019-01-10 00:00:00'),
('11', '4', '2019-01-10 00:00:00', '2019-01-10 00:00:00'),
('12', '4', '2019-01-10 00:00:00', '2019-01-10 00:00:00'),
('13', '4', '2019-01-10 00:00:00', '2019-01-10 00:00:00'),
('14', '4', '2019-01-10 00:00:00', '2019-01-10 00:00:00'),
('15', '4', '2019-01-10 00:00:00', '2019-01-10 00:00:00'),
('16', '4', '2019-01-10 00:00:00', '2019-01-10 00:00:00')
;

INSERT INTO `visitas` (`user_id`, `movie_id`, `created_at`, `updated_at`) VALUES ('1', '4', '2019-01-10 00:00:00', '2019-01-10 00:00:00'),
('2', '4', '2019-01-10 00:00:00', '2019-01-10 00:00:00'),
('3', '4', '2019-01-10 00:00:00', '2019-01-10 00:00:00'),
('4', '4', '2019-01-10 00:00:00', '2019-01-10 00:00:00'),
('5', '4', '2019-01-10 00:00:00', '2019-01-10 00:00:00'),
('6', '4', '2019-01-10 00:00:00', '2019-01-10 00:00:00'),
('7', '4', '2019-01-10 00:00:00', '2019-01-10 00:00:00'),
('8', '4', '2019-01-10 00:00:00', '2019-01-10 00:00:00'),
('9', '4', '2019-01-10 00:00:00', '2019-01-10 00:00:00'),

('10', '4', '2019-01-10 00:00:00', '2019-01-10 00:00:00'),
('11', '4', '2019-01-10 00:00:00', '2019-01-10 00:00:00'),
('12', '4', '2019-01-10 00:00:00', '2019-01-10 00:00:00'),
('13', '4', '2019-01-10 00:00:00', '2019-01-10 00:00:00'),
('14', '4', '2019-01-10 00:00:00', '2019-01-10 00:00:00'),
('15', '4', '2019-01-10 00:00:00', '2019-01-10 00:00:00'),
('16', '4', '2019-01-10 00:00:00', '2019-01-10 00:00:00'),
('6', '5', '2019-01-10 00:00:00', '2019-01-10 00:00:00'),
('7', '5', '2019-01-10 00:00:00', '2019-01-10 00:00:00'),
('8', '5', '2019-01-10 00:00:00', '2019-01-10 00:00:00'),
('9', '5', '2019-01-10 00:00:00', '2019-01-10 00:00:00'),
('10', '5', '2019-01-10 00:00:00', '2019-01-10 00:00:00'),
('11', '5', '2019-01-10 00:00:00', '2019-01-10 00:00:00'),
('12', '5', '2019-01-10 00:00:00', '2019-01-10 00:00:00'),
('13', '5', '2019-01-10 00:00:00', '2019-01-10 00:00:00'),
('14', '5', '2019-01-10 00:00:00', '2019-01-10 00:00:00'),
('15', '5', '2019-01-10 00:00:00', '2019-01-10 00:00:00'),

('11', '6', '2019-01-10 00:00:00', '2019-01-10 00:00:00'),
('12', '6', '2019-01-10 00:00:00', '2019-01-10 00:00:00'),
('13', '6', '2019-01-10 00:00:00', '2019-01-10 00:00:00'),
('14', '6', '2019-01-10 00:00:00', '2019-01-10 00:00:00'),
('15', '6', '2019-01-10 00:00:00', '2019-01-10 00:00:00'),
('16', '6', '2019-01-10 00:00:00', '2019-01-10 00:00:00'),
('4', '7', '2019-01-10 00:00:00', '2019-01-10 00:00:00'),
('5', '7', '2019-01-10 00:00:00', '2019-01-10 00:00:00'),
('6', '7', '2019-01-10 00:00:00', '2019-01-10 00:00:00'),
('7', '7', '2019-01-10 00:00:00', '2019-01-10 00:00:00'),
('11', '8', '2019-01-10 00:00:00', '2019-01-10 00:00:00'),
('12', '8', '2019-01-10 00:00:00', '2019-01-10 00:00:00'),
('13', '8', '2019-01-10 00:00:00', '2019-01-10 00:00:00'),
('14', '8', '2019-01-10 00:00:00', '2019-01-10 00:00:00'),
('15', '8', '2019-01-10 00:00:00', '2019-01-10 00:00:00'),

('5', '9', '2019-01-10 00:00:00', '2019-01-10 00:00:00'),
('6', '9', '2019-01-10 00:00:00', '2019-01-10 00:00:00'),


('9', '10', '2019-01-10 00:00:00', '2019-01-10 00:00:00')





;
